Word,Meaning,Frequency,diff_level
sportive,given to merry frolicking,5041.22,2.0
verdant,characterized by abundance of vegetation and green foliage,2144.12,2.0
obliquity,the quality of being deliberately vague or deceptive,9351.72,4.0
calumny,a false accusation of an offense,1200.93,1.0
pugilism,boxing with bare hands,4971.27,2.0
martinet,someone who demands exact conformity to rules and forms,10726.33,4.0
odious,extremely repulsive or unpleasant,840.68,1.0
forthright,directly and without evasion; not roundabout,4784.21,3.0
decree,a legally binding command or decision,237.13,1.0
potentate,"a powerful ruler, especially one who is unconstrained by law",2251.01,1.0
decry,express strong disapproval of,3637.71,3.0
torment,intense feelings of suffering; acute mental or physical pain,280.21,1.0
penury,a state of extreme poverty or destitution,3397.35,2.0
pungent,strong and sharp to the sense of taste or smell,1948.81,1.0
reticent,reluctant to draw attention to yourself,1374.54,2.0
opprobrious,expressing offensive reproach,9388.86,4.0
minuscule,very small,11808.5,4.0
bombastic,ostentatiously lofty in style,9023.37,3.0
cogent,powerfully persuasive,4099.24,3.0
reverberate,ring or echo with sound,1907.03,2.0
apostate,not faithful to religion or party or cause,3579.36,2.0
complacent,contented to a fault with oneself or one's actions,656.28,1.0
rampant,occurring or increasing in an unrestrained way,2211.46,2.0
hypocritical,professing feelings or virtues one does not have,2358.73,3.0
prolong,lengthen in time; cause to be or last longer,315.1,1.0
equivocation,intentional vagueness or ambiguity,9941.55,4.0
placate,cause to be more favorably inclined,1133.44,2.0
pristine,immaculately clean and unused,4267.9,3.0
peccadillo,a petty misdeed,13221.71,4.0
aggrandize,"embellish; increase the scope, power, or importance of",4161.26,3.0
oblique,slanting or inclined in direction or course or position,1110.69,2.0
assuage,"provide physical relief, as from pain",2941.13,2.0
meretricious,tastelessly showy,13401.58,3.0
propitiate,make peace with,2029.37,2.0
impediment,something immaterial that interferes with action or progress,1539.17,2.0
penchant,a strong liking or preference,5485.6,4.0
moat,ditch dug as a fortification and usually filled with water,1660.55,2.0
savant,a learned person,3731.84,3.0
descry,catch sight of,1898.77,2.0
vindicate,show to be right by providing justification or proof,719.37,1.0
eradicate,"destroy completely, as if down to the roots",1489.95,2.0
ranger,an official responsible for managing an area of forest,3559.96,3.0
boor,a crude uncouth ill-bred person lacking refinement,2850.4,3.0
panache,distinctive and stylish elegance,20414.32,4.0
imperious,having or showing arrogant superiority,857.78,1.0
impasse,a situation in which no progress can be made,5602.57,2.0
tome,a large and scholarly book,1875.89,1.0
deprive,take away,212.91,1.0
impregnable,incapable of being attacked or tampered with,1960.11,2.0
maudlin,very sentimental or emotional,5000.71,2.0
attentive,taking heed,390.86,1.0
listless,lacking zest or vivacity,1026.98,1.0
provocative,serving or tending to excite or stimulate,2316.24,3.0
foreclosure,proceedings initiated to repossess the collateral for a loan,1756.43,2.0
endeavor,attempt by employing effort,232.12,1.0
defiant,boldly resisting authority or an opposing force,275.33,1.0
egregious,conspicuously and outrageously bad or reprehensible,4086.49,3.0
prudence,discretion in practical affairs,358.84,1.0
exculpate,pronounce not guilty of criminal charges,7912.19,3.0
overwrought,deeply agitated especially from emotion,4981.75,2.0
abstemious,marked by temperance in indulgence,7558.1,4.0
innocuous,not injurious to physical or mental health,5337.03,2.0
egalitarian,favoring social equality,18212.57,4.0
improvidence,"a lack of prudence, care, or foresight",13371.26,4.0
presume,take to be the case or to be true,151.7,1.0
extensive,large in spatial extent or range or scope or quantity,208.38,1.0
occult,supernatural forces and events and beings collectively,1553.92,2.0
profundity,the quality of being physically deep,6844.84,4.0
vestige,an indication that something has been present,1369.29,1.0
atone,turn away from sin or do penitence,671.33,1.0
imperturbable,marked by extreme calm and composure,2194.23,1.0
extravagant,recklessly wasteful,307.84,1.0
stolid,having or revealing little emotion or sensibility,1317.33,1.0
rash,imprudently incurring risk,435.74,1.0
allegiance,the act of binding yourself to a course of action,667.14,1.0
balk,refuse to proceed or comply,1622.08,2.0
jeopardy,a source of danger,1434.34,2.0
avarice,reprehensible acquisitiveness; insatiable desire for wealth,965.84,2.0
adumbrate,describe roughly or give the main points or summary of,20994.45,4.0
opiate,a narcotic drug,5422.7,3.0
usury,the act of lending money at an exorbitant rate of interest,3033.15,2.0
stentorian,very loud or booming,6644.79,2.0
gambol,play or run boisterously,3321.96,2.0
arbitrate,act between parties with a view to reconciling differences,1000.35,2.0
mundane,found in the ordinary course of events,3411.07,3.0
bleak,unpleasantly cold and damp,818.15,1.0
lampoon,ridicule with satire,5230.78,2.0
gaffe,a socially awkward or tactless act,9307.54,4.0
pernicious,exceedingly harmful,1385.81,2.0
strive,attempt by employing effort,173.32,1.0
florid,elaborately or excessively ornamented,2384.89,1.0
nondescript,lacking distinct or individual characteristics,4650.61,3.0
hallucinate,have illusions; perceive what is not actually there,1916.3,2.0
reckless,marked by defiant disregard for danger or consequences,323.8,1.0
fanatical,marked by excessive enthusiasm for a cause or idea,2134.45,2.0
flustered,thrown into a state of agitated confusion,6006.75,4.0
propriety,correct behavior,440.15,1.0
petulant,easily irritated or annoyed,1613.24,2.0
dichotomy,a classification into two opposed parts or subclasses,22259.59,4.0
umbrage,a feeling of anger caused by being offended,4715.52,2.0
prone,having a tendency,844.39,1.0
occlude,block passage through,27297.33,4.0
gullible,naive and easily deceived or tricked,10181.28,4.0
bask,"expose oneself to warmth and light, as for relaxation",1915.06,2.0
ludicrous,inviting ridicule,910.39,2.0
mollify,cause to be more favorably inclined,3405.18,2.0
ostensible,appearing as such but not necessarily so,1349.62,2.0
quash,declare invalid,6641.06,4.0
succumb,"give in, as to overwhelming force, influence, or pressure",1048.35,2.0
garner,assemble or get together,1731.75,2.0
pervade,spread or diffuse through,643.46,1.0
bombast,pompous or pretentious talk or writing,4229.73,3.0
hapless,unfortunate and deserving pity,1580.91,1.0
wan,"pale, as of a person's complexion",1061.12,2.0
composure,steadiness of mind under stress,814.83,1.0
slur,utter indistinctly,3245.39,3.0
impair,make worse or less effective,757.48,1.0
impugn,attack as false or wrong,6856.75,3.0
obviate,do away with,2798.47,3.0
imbue,spread or diffuse through,1899.99,2.0
sober,"not affected by a chemical substance, especially alcohol",251.02,1.0
extant,still in existence; not extinct or destroyed or lost,1398.25,2.0
fervor,feelings of great warmth and intensity,1446.43,2.0
vacillate,be undecided about something,2770.29,3.0
credulity,tendency to believe readily,1875.0,2.0
dangle,hang freely,938.52,2.0
panegyric,formally expressing praise,3168.87,2.0
acme,the highest point of something,6424.54,2.0
epitome,a standard or typical example,2318.51,3.0
optician,a worker who makes glasses for remedying defects of vision,15614.36,4.0
disabuse,free somebody from an erroneous belief,10658.63,4.0
linen,a fabric woven with fibers from the flax plant,337.85,1.0
proclamation,a formal public statement,458.51,1.0
flirt,"talk or behave amorously, without serious intentions",745.05,1.0
curmudgeon,"an irascible, cantankerous person full of stubborn ideas",13251.35,3.0
sentient,endowed with feeling and unstructured consciousness,5160.02,2.0
chauvinist,a person with a prejudiced belief in his own superiority,33674.25,4.0
meager,deficient in amount or quality or extent,2624.6,3.0
uproar,a state of commotion and noise and confusion,719.63,1.0
intransigent,"impervious to pleas, persuasion, requests, or reason",10924.58,3.0
fret,be agitated or irritated,470.9,1.0
arable,capable of being farmed productively,1210.63,2.0
nefarious,extremely wicked,4815.38,3.0
deluge,a heavy rain,1018.94,2.0
veracious,habitually speaking the truth,9479.2,4.0
exonerate,pronounce not guilty of criminal charges,4359.15,2.0
odoriferous,"emitting a smell, especially an unpleasant smell",10368.82,4.0
oscillate,move or swing from side to side regularly,2326.26,3.0
erratic,liable to sudden unpredictable change,1817.12,1.0
abscond,"run away, often taking something or somebody along",6435.03,4.0
simper,"smile in an insincere, unnatural, or coy way",5126.46,3.0
indulge,yield to; give satisfaction to,165.7,1.0
topple,"fall down, as if collapsing",1379.35,2.0
supplant,take the place or move into the position of,1568.96,1.0
absurd,inconsistent with reason or logic or common sense,167.48,1.0
plummet,drop sharply,3040.95,3.0
bog,wet spongy ground of decomposing vegetation,1032.62,2.0
raconteur,a person skilled in telling anecdotes,18353.97,3.0
alacrity,liveliness and eagerness,1532.0,1.0
redeem,exchange or buy back for money; under threat,295.81,1.0
tirade,a speech of violent denunciation,4082.25,2.0
obdurate,stubbornly persistent in wrongdoing,2891.51,2.0
cosset,treat with excessive indulgence,27876.73,4.0
facetious,cleverly amusing in tone,2445.03,3.0
expiate,make amends for,1633.95,2.0
prune,"cultivate, tend, and cut back the growth of",1344.87,2.0
dearth,an insufficient quantity or number,3059.04,3.0
incorrigible,impervious to correction by punishment,3417.97,3.0
flippant,showing an inappropriate lack of seriousness,2477.8,3.0
discourse,an extended communication dealing with some particular topic,230.46,1.0
loom,a textile machine for weaving yarn into a textile,428.96,1.0
clumsy,lacking grace in movement or posture,556.21,1.0
malapropism,misuse of a word by confusion with one that sounds similar,134311.35,4.0
fickle,liable to sudden unpredictable change,1596.05,2.0
despicable,morally reprehensible,2319.42,3.0
jovial,full of or showing high-spirited merriment,1391.67,2.0
accretion,an increase by natural growth or addition,11140.78,3.0
trenchant,having keenness and forcefulness and penetration in thought,5400.41,3.0
orotund,overly formal and pompous in style,72959.71,4.0
illicit,contrary to accepted morality or convention,1499.96,2.0
lackluster,not having brilliance or vitality,8775.54,4.0
encroach,advance beyond the usual limit,1111.0,2.0
falter,"move hesitatingly, as if about to give way",411.56,1.0
lucid,transparently clear; easily understandable,867.39,1.0
voluble,marked by a ready flow of speech,1862.9,1.0
jargon,technical terminology characteristic of a particular subject,2033.91,1.0
objurgation,rebuking a person harshly,17990.82,4.0
spartan,unsparing and uncompromising in discipline or judgment,44941.35,4.0
ribald,humorously vulgar,6189.12,2.0
arduous,characterized by effort to the point of exhaustion,1245.79,2.0
decorum,propriety in manners and conduct,944.36,2.0
invective,abusive language used to express blame or censure,2300.48,3.0
restive,in a very tense state,2933.83,2.0
polymath,a person of great and varied learning,107449.28,4.0
repudiate,"refuse to acknowledge, ratify, or recognize as valid",995.22,1.0
talon,a sharp hooked claw especially on a bird of prey,3055.09,2.0
treacherous,dangerously unstable and unpredictable,603.78,1.0
adept,having or showing knowledge and skill and aptitude,1927.85,2.0
hoax,something intended to deceive,3746.03,3.0
mercurial,liable to sudden unpredictable change,6241.4,4.0
legerdemain,an illusory feat,14071.61,3.0
investiture,the ceremonial promotion of a person to an office or rank,7685.86,3.0
appraise,consider in a comprehensive way,1765.87,2.0
amalgamate,bring or combine together or with something else,2430.46,3.0
anodyne,capable of relieving pain,10535.15,3.0
placid,calm and free from disturbance,623.66,1.0
imperative,requiring attention or action,750.24,1.0
whimsical,determined by chance or impulse rather than by necessity,1140.21,2.0
pariah,a person who is rejected from society or home,5688.83,2.0
mettle,the courage to carry on,2804.44,3.0
literal,limited to the explicit meaning of a word or text,245.49,1.0
frenetic,fast and energetic in an uncontrolled or wild way,10341.6,3.0
pestilence,any epidemic disease with a high death rate,1143.07,2.0
dispassionate,unaffected by strong emotion or prejudice,3120.37,3.0
stoop,bend one's back forward from the waist on down,250.36,1.0
antiseptic,thoroughly clean and free of disease-causing organisms,4813.42,3.0
irascible,quickly aroused to anger,4097.81,3.0
invoke,request earnestly; ask for aid or protection,589.23,1.0
shatter,break into many pieces,416.91,1.0
refurbish,improve the appearance or functionality of,7319.46,4.0
bellicose,having or showing a ready disposition to fight,9610.2,4.0
drab,a dull greyish to yellowish or light olive brown,2072.02,2.0
objurgate,censure severely,15676.48,4.0
tentative,hesitant or lacking confidence; unsettled in mind or opinion,1267.67,2.0
iniquitous,characterized by injustice or wickedness,5128.68,3.0
fallow,left unplowed and unseeded during a growing season,3081.35,2.0
inimical,tending to obstruct or cause harm,4274.07,3.0
pristine,immaculately clean and unused,4267.9,2.0
conscript,enroll into service compulsorily,1547.22,2.0
ingrate,a person who shows no thankfulness or appreciation,10706.9,3.0
putrefy,decay with an offensive smell,4412.84,3.0
brittle,having little elasticity,2303.61,3.0
varnish,"a coating that provides a hard, lustrous finish to a surface",1301.83,2.0
lugubrious,excessively mournful,4370.43,3.0
espy,catch sight of,1551.28,2.0
ardor,feelings of great warmth and intensity,1273.4,1.0
mettlesome,"having a proud, courageous, and unbroken spirit",23085.59,4.0
blithe,carefree and happy and lighthearted,1450.16,1.0
dabble,bob under so as to feed off the bottom of a body of water,2857.29,3.0
equivocate,be deliberately ambiguous or unclear,6438.53,4.0
,,,
tangential,of superficial relevance if any,12946.58,3.0
assuage,"provide physical relief, as from pain",2941.13,3.0
frenzy,state of violent mental agitation,840.02,1.0
quiescence,a state of quiet but possibly temporary)inaction,11057.42,4.0
obsolete,no longer in use,1314.26,2.0
mollycoddle,treat with excessive indulgence,39008.63,4.0
affliction,a cause of great suffering and distress,605.82,1.0
elucidate,make clear and comprehensible,2255.3,3.0
obeisance,bending the head or body in reverence or submission,3279.59,3.0
adulate,flatter in an obsequious manner,3484.44,3.0
incursion,the act of entering some territory or domain,2607.24,3.0
fracas,a noisy quarrel,7736.15,4.0
posture,the arrangement of the body and its limbs,719.59,1.0
bonhomie,a disposition to be friendly and approachable,15908.55,3.0
improvise,manage in a makeshift way; do with whatever is at hand,1124.19,2.0
limp,walk impeded by some physical injury,518.55,1.0
pervade,spread or diffuse through,643.46,1.0
diffident,showing modest reserve,1563.78,2.0
smother,deprive of oxygen and prevent from breathing,680.62,1.0
asperity,harshness of manner,4217.66,3.0
embellish,"make more attractive, as by adding ornament or color",1259.18,1.0
ostentation,pretentious or showy or vulgar display,1028.32,1.0
pitch,the high or low quality of a sound,109.75,1.0
valiant,having or showing heroism or courage,543.99,1.0
corroborate,give evidence for,1334.41,2.0
strut,"walk in a proud, confident way",1551.48,2.0
lavish,very generous,520.74,1.0
vindictive,disposed to seek revenge or intended for revenge,1342.12,2.0
plumb,exactly vertical,1369.61,2.0
incidence,the relative frequency of occurrence of something,4478.01,3.0
perennial,lasting an indefinitely long time,1411.25,2.0
epithet,descriptive word or phrase,1013.71,2.0
affluent,having an abundant supply of money or possessions of value,1375.66,2.0
blunder,an embarrassing mistake,492.06,1.0
noisome,causing or able to cause nausea,5823.32,4.0
commentator,an expert who observes and remarks on something,1095.58,2.0
distraught,deeply agitated especially from emotion,3725.96,3.0
pungent,strong and sharp to the sense of taste or smell,1948.81,2.0
taciturn,habitually reserved and uncommunicative,2407.21,3.0
pertinent,being of striking appropriateness,565.95,1.0
extempore,with little or no preparation or forethought,7538.83,4.0
anachronism,locating something at a time when it couldn't have existed,3922.47,2.0
aspersion,a disparaging remark,7342.19,4.0
cadge,obtain or seek to obtain by wheedling,12792.46,4.0
reinstate,"bring back into original existence, function, or position",1828.07,2.0
monastic,relating to life in an isolated religious community,1469.05,1.0
insurrection,organized opposition to authority,646.09,1.0
prosaic,lacking wit or imagination,1895.73,2.0
brisk,quick and energetic,365.27,1.0
gaudy,tastelessly showy,1343.95,2.0
peremptory,putting an end to all debate or action,1166.38,2.0
seraphic,having a sweet nature befitting an angel,10198.85,3.0
profligate,unrestrained by convention or morality,1599.72,2.0
insensible,barely able to be perceived,557.44,1.0
pucker,gather something into small wrinkles or folds,2548.27,3.0
stickler,someone who insists on something,9916.53,4.0
impecunious,not having enough money to pay for necessities,10120.27,4.0
overture,orchestral music at the beginning of an opera or musical,1150.29,2.0
pugnacious,ready and able to resort to force or violence,5493.24,4.0
corroborate,give evidence for,1334.41,1.0
squander,spend thoughtlessly; throw away,1592.83,2.0
hyperbole,extravagant exaggeration,5166.78,3.0
vagary,an unexpected and inexplicable change in something,2887.28,3.0
hapless,unfortunate and deserving pity,1580.91,2.0
plaintiff,a person who brings an action in a court of law,1441.68,2.0
cognizance,the state or act of having knowledge of,3064.58,3.0
specious,plausible but false,2838.09,2.0
amenable,disposed or willing to comply,3480.34,3.0
insignia,a badge worn to show official position,3079.75,3.0
officious,intrusive in a meddling or offensive manner,3001.59,3.0
capricious,determined by chance or impulse rather than by necessity,1316.6,1.0
impudent,improperly forward or bold,630.69,1.0
prerogative,a right reserved exclusively by a person or group,1055.64,2.0
coffer,"the funds of a government, institution, or individual",2149.57,1.0
abdicate,"give up power, duties, or obligations",1648.06,1.0
parasite,an animal or plant that lives in or on a host,1084.64,2.0
oratorio,a musical composition for voices and orchestra,4370.43,3.0
nonchalant,marked by casual unconcern or indifference,2269.58,3.0
voluptuous,displaying luxury and furnishing gratification to the senses,1836.3,2.0
vituperative,marked by harshly abusive criticism,21335.5,4.0
confound,be confusing or perplexing to,345.39,1.0
evanescent,short-lived; tending to vanish or disappear,4171.54,3.0
opportunist,a person who places expediency above principle,10844.4,4.0
dormant,inactive but capable of becoming active,1952.35,2.0
untenable,incapable of being defended or justified,3564.25,3.0
probity,complete and confirmed integrity,4406.26,3.0
contrite,feeling or expressing pain or sorrow,3636.59,3.0
fawn,a young deer,1071.59,2.0
dwindle,become smaller or lose substance,1038.69,2.0
polemic,"a verbal or written attack, especially of a belief or dogma",3391.51,3.0
apocryphal,being of questionable authenticity,9396.32,3.0
blight,any plant disease resulting in withering without rotting,825.79,1.0
jeer,laugh at with contempt and derision,966.0,2.0
discomfit,cause to lose one's composure,1223.52,2.0
variegated,having an assortment of colors,2782.67,2.0
vanity,feelings of excessive pride,254.18,1.0
disprove,show to be false,2486.14,3.0
rococo,having excessive asymmetrical ornamentation,9092.78,3.0
leash,restraint consisting of a rope used to restrain an animal,1606.67,2.0
jamb,a vertical side piece of a door or window frame,8041.35,4.0
lugubrious,excessively mournful,4370.43,2.0
redoubtable,inspiring fear,3922.47,3.0
reciprocal,concerning each of two or more persons or things,1250.4,2.0
fidget,move restlessly,1685.38,2.0
fractious,easily irritated or annoyed,6848.8,3.0
taut,pulled or drawn tight,2434.46,3.0
loafer,a person who is idle and does no work,6502.27,4.0
saturnine,bitter or scornful,7828.36,4.0
vertigo,a reeling sensation; a feeling that you are about to fall,5964.33,4.0
mollify,cause to be more favorably inclined,3405.18,3.0
vituperate,spread negative information about,5506.04,4.0
perspicacious,mentally acute or penetratingly discerning,47468.11,4.0
obtrude,push to thrust outward,1230.26,2.0
delineate,represented accurately or precisely,1657.53,2.0
efface,remove by or as if by rubbing or erasing,1189.95,2.0
veracity,unwillingness to tell lies,1890.88,1.0
formidable,extremely impressive in strength or excellence,331.69,1.0
prodigy,an unusually gifted or intelligent person,474.57,1.0
debilitate,make weak,4541.65,3.0
obsequious,attempting to win favor from influential people by flattery,2498.74,1.0
endorse,approve of,611.5,1.0
quixotic,not sensible about practical matters,4885.01,2.0
skeptical,marked by or given to doubt,938.74,2.0
precursor,something indicating the approach of something or someone,3257.01,3.0
attenuate,"become weaker, in strength, value, or magnitude",3390.54,3.0
replete,filled to satisfaction with food or drink,2763.17,2.0
foppish,overly concerned with extreme elegance in dress and manner,15212.47,4.0
profuse,produced or growing in extreme abundance,1245.92,2.0
stigma,a symbol of disgrace or infamy,1360.48,2.0
precipitate,bring about abruptly,506.9,1.0
drone,make a monotonous low dull sound,1075.48,2.0
desultory,"marked by lack of definite plan, purpose, or enthusiasm",2359.67,1.0
laconic,brief and to the point,2553.77,3.0
lavish,very generous,520.74,1.0
lassitude,a feeling of lack of interest or energy,4854.93,2.0
foment,try to stir up,2929.47,3.0
arrogate,seize and take control without authority,7086.92,3.0
slack,not tense or taut,510.98,1.0
indelible,"not able to be forgotten, removed, or erased",2442.0,3.0
craven,lacking even the rudiments of courage; abjectly fearful,1366.6,1.0
frivolous,"not serious in content, attitude, or behavior",783.58,1.0
confrontation,discord resulting from a clash of ideas or opinions,1787.47,2.0
disinterested,unaffected by concern for one's own welfare,1012.75,2.0
fallacy,a misconception resulting from incorrect reasoning,1211.25,2.0
flounder,"move clumsily or struggle to move, as in mud or water",1508.57,2.0
mercenary,a person hired to fight for another country than their own,1213.86,2.0
fervid,characterized by intense emotion,3325.7,3.0
erratic,liable to sudden unpredictable change,1817.12,2.0
obloquy,state of disgrace resulting from public abuse,7011.27,4.0
bolster,support and strengthen,1343.19,1.0
antagonize,provoke the hostility of,6727.98,2.0
torpor,a state of motor and mental inactivity,3656.83,3.0
spurious,plausible but false,2446.54,3.0
recondite,difficult to understand,8008.66,4.0
pusillanimous,"lacking in courage, strength, and resolution",6028.19,4.0
discrete,constituting a separate entity or part,13602.05,4.0
wraith,"a ghostly figure, especially one seen shortly before death",5783.44,2.0
complaisant,showing a cheerful willingness to do favors for others,2819.82,3.0
effrontery,audacious behavior that you have no right to,3735.38,3.0
obsequious,attempting to win favor from influential people by flattery,2498.74,3.0
perfidy,an act of deliberate betrayal,1587.48,2.0
dilate,become wider,1136.71,1.0
omnivorous,feeding on both plants and animals,13988.35,4.0
incongruous,lacking in harmony or compatibility or appropriateness,1209.27,2.0
opus,a musical work that has been created,2829.26,3.0
lionize,assign great social importance to,19798.84,4.0
gestation,the period during which an embryo develops,9586.82,3.0
encumber,"hold back, impede, or weigh down",1607.32,2.0
flatter,praise somewhat dishonestly,189.19,1.0
subsequent,following in time or order,166.66,1.0
evoke,"call forth, as an emotion, feeling, or response",843.85,1.0
barefaced,with no effort to conceal,11016.2,4.0
rotundity,the roundness of a 3-dimensional object,15573.21,4.0
cavern,a large cave or a large chamber in a cave,494.31,1.0
dedication,complete and wholehearted fidelity,1148.17,2.0
foment,try to stir up,2929.47,2.0
crease,an angular indentation made by folding,2355.44,3.0
abase,cause to feel shame,2768.34,2.0
lissome,moving and bending with ease,23267.36,4.0
acidulous,being sour to the taste,40617.19,4.0
inauspicious,boding ill,10198.85,4.0
opportune,suitable or advantageous especially for a particular purpose,53.22,1.0
remorse,"a feeling of deep regret, usually for some misdeed",427.86,1.0
inchoate,only partly in existence; imperfectly formed,13889.73,3.0
cupidity,extreme greed for material wealth,3756.74,2.0
dumbfound,be a mystery or bewildering to,7116.78,4.0
wan,"pale, as of a person's complexion",1061.12,1.0
obviate,do away with,2798.47,2.0
guile,shrewdness as demonstrated by being skilled in deception,1399.9,2.0
exorbitant,greatly exceeding bounds of reason or moderation,2706.89,3.0
foolhardy,marked by defiant disregard for danger or consequences,4634.21,3.0
inquisitive,given to questioning,1153.77,2.0
distend,cause to expand as if by internal pressure,2543.33,1.0
invert,turn inside out or upside down,1191.38,2.0
lope,run easily,3080.55,3.0
nettle,plant having stinging hairs that cause skin irritation,1725.94,1.0
strain,exert much effort or energy,91.76,1.0
denounce,speak out against,386.65,1.0
pique,"call forth, as an emotion, feeling, or response",1591.54,2.0
misogynist,a misanthrope who dislikes women in particular,30463.14,4.0
predilection,a predisposition in favor of something,2974.41,3.0
oaf,"an awkward, foolish person",17305.99,4.0
dampen,lessen in force or effect,3772.32,3.0
doleful,filled with or evoking sadness,1590.9,2.0
pallid,"pale, as of a person's complexion",1209.52,1.0
grovel,show submission or fear,2912.88,3.0
castigate,inflict severe punishment on,6797.61,3.0
imbue,spread or diffuse through,1899.99,1.0
augment,enlarge or increase,803.56,1.0
circumspect,careful to consider potential consequences and avoid risk,4243.39,2.0
flout,treat with contemptuous disregard,3136.1,3.0
onerous,burdensome or difficult to endure,5030.49,3.0
pith,spongelike central cylinder of the stems of flowering plants,2250.58,3.0
vex,"disturb, especially by minor irritations",282.28,1.0
ersatz,an artificial or inferior substitute or imitation,25977.51,4.0
gravity,the force of attraction between all masses in the universe,287.13,1.0
impassive,having or revealing little emotion or sensibility,1805.75,2.0
luminous,softly bright or radiant,721.03,1.0
swift,moving very fast,113.61,1.0
probity,complete and confirmed integrity,4406.26,2.0
striate,marked with stripes,7078.43,4.0
ascetic,someone who practices self denial as a spiritual discipline,1113.62,2.0
obstinate,marked by tenacious unwillingness to yield,338.91,1.0
convoluted,highly complex or intricate,14206.9,4.0
burgeon,grow and flourish,5041.22,2.0
faddish,intensely fashionable or popular for a short time,117023.88,4.0
omniscient,"knowing, seeing, or understanding everything",3562.11,3.0
fluke,a stroke of luck,4030.77,3.0
doctrinaire,a stubborn person of arbitrary or arrogant opinions,9594.6,3.0
olfactory,of or relating to the sense of smell,9949.91,4.0
disparate,fundamentally different or distinct in quality or kind,2144.9,1.0
garrulous,full of trivial conversation,3222.4,2.0
impugn,attack as false or wrong,6856.75,4.0
abstemious,marked by temperance in indulgence,7558.1,3.0
ineffable,defying expression or description,1918.47,2.0
assail,attack someone physically or emotionally,317.8,1.0
inure,cause to accept or become hardened to,3895.34,2.0
dispel,cause to separate and go in different directions,1012.41,2.0
contrite,feeling or expressing pain or sorrow,3636.59,2.0
benign,kind in disposition or manner,1374.86,2.0
metaphysics,the philosophical study of being and knowing,828.28,1.0
erudite,having or showing profound knowledge,5946.33,2.0
apocryphal,being of questionable authenticity,9396.32,4.0
claim,assert or affirm strongly,39.3,1.0
ally,a friendly nation,95.16,1.0
consensus,agreement in the judgment reached by a group as a whole,1391.02,2.0
drawl,a slow speech pattern with prolonged vowels,1149.17,2.0
eclectic,selecting what seems best of various styles or ideas,3621.0,2.0
paucity,an insufficient quantity or number,8312.75,4.0
inured,made tough by habitual exposure,4702.4,3.0
gouge,"an impression in a surface, as made by a blow",4355.94,3.0
sagacious,acutely insightful and wise,1663.35,1.0
rigor,excessive sternness,726.69,1.0
lethargy,inactivity; showing an unusual lack of energy,2228.12,3.0
baleful,threatening or foreshadowing evil or tragic developments,3466.06,3.0
plead,appeal or request earnestly,160.48,1.0
ingenuous,lacking in sophistication or worldliness,1314.69,1.0
peripatetic,traveling especially on foot,12416.24,3.0
feckless,generally incompetent and ineffectual,11820.31,4.0
noisome,causing or able to cause nausea,5823.32,2.0
conflate,mix together different elements,55752.47,4.0
opine,express one's view openly and without fear or hesitation,4929.82,2.0
squelch,suppress or crush completely,8874.36,4.0
yoke,a wooden frame across the shoulders for carrying buckets,611.31,1.0
untoward,not in keeping with accepted standards of what is proper,3306.18,3.0
protracted,relatively long in duration,1357.98,2.0
paragon,a perfect embodiment of a concept,4289.57,2.0
prescient,perceiving the significance of events before they occur,4587.46,2.0
conceit,the trait of being unduly vain,915.45,2.0
perpetuate,cause to continue or prevail,1073.34,2.0
prudent,marked by sound judgment,156.83,1.0
provocation,a means of arousing or stirring to action,1258.11,2.0
proposition,a suggestion offered for acceptance or rejection,224.39,1.0
shrill,having or emitting a high-pitched and sharp tone or tones,406.16,1.0
grievous,causing or marked by grief or anguish,634.68,1.0
substantial,real; having a material or factual existence,248.39,1.0
infiltrate,pass through an enemy line in a military conflict,3116.26,3.0
explicit,precisely and clearly expressed or readily observable,723.89,1.0
perch,an elevated place serving as a seat,443.77,1.0
amortize,pay off a debt by making periodic payments,17205.24,3.0
lumber,the wood of trees prepared for use as building material,602.31,1.0
recede,pull back or move away or backward,303.3,1.0
adamant,very hard native crystalline carbon valued as a gem,2942.59,3.0
concede,give over,221.47,1.0
fecund,capable of producing offspring or vegetation,6140.9,2.0
flaunt,display proudly,2223.51,2.0
burnish,polish and make shiny,2239.93,1.0
ephemeral,"anything short-lived, as an insect that lives only for a day",3585.87,3.0
qualm,uneasiness about the fitness of an action,3063.79,3.0
aver,declare or affirm solemnly and formally as true,1832.6,2.0
deprivation,the disadvantage that results from losing something,3207.54,3.0
fatuous,devoid of intelligence,3416.99,2.0
foment,try to stir up,2929.47,3.0
petition,a formal request that something be submitted to an authority,256.57,1.0
diligent,quietly and steadily persevering in detail or exactness,359.13,1.0
stratagem,an elaborate or deceitful scheme to deceive or evade,1482.86,1.0
usurp,seize and take control without authority,658.69,1.0
furtive,secret and sly,1024.67,2.0
droll,comical in an odd or whimsical manner,1373.1,2.0
belie,be in contradiction with,2163.33,2.0
gainsay,take exception to,3172.27,3.0
obtuse,"of an angle, between 90 and 180 degrees",2876.05,3.0
ordinance,an authoritative rule,642.34,1.0
disdain,lack of respect accompanied by a feeling of intense dislike,426.22,1.0
onus,a burdensome or difficult concern,11067.77,4.0
libertine,unrestrained by convention or morality,4026.65,3.0
deference,courteous regard for people's feelings,698.55,1.0
jocular,characterized by jokes and good humor,3268.71,3.0
cloying,overly sweet,15865.85,3.0
maverick,someone who exhibits independence in thought and action,2366.75,3.0
dirge,a song or hymn of mourning as a memorial to a dead person,3476.25,2.0
banal,repeated too often; overfamiliar through overuse,4510.47,2.0
whimsical,determined by chance or impulse rather than by necessity,1140.21,1.0
unequivocal,admitting of no doubt or misunderstanding,2727.48,3.0
annex,attach to,642.52,1.0
waver,pause or hold back in uncertainty or unwillingness,500.84,1.0
orientation,the act of determining one's position,4819.31,3.0
distract,draw someone's attention away from something,321.78,1.0
sublime,of high moral or intellectual value,320.67,1.0
felon,someone who has been legally convicted of a crime,2347.5,3.0
gossamer,a gauze fabric with an extremely fine texture,5054.15,3.0
caustic,capable of destroying or eating away by chemical action,1903.35,2.0
exhort,spur on or encourage especially by cheers and shouts,595.38,1.0
coherent,marked by an orderly and consistent relation of parts,868.41,1.0
intact,undamaged in any way,1134.09,2.0
dupe,fool or hoax,1382.41,1.0
tantalize,harass with persistent teasing or baiting,2643.96,3.0
tremor,"an involuntary vibration, as if from illness or fear",1250.66,2.0
cower,crouch or curl up,367.76,1.0
ameliorate,make better,2819.82,3.0
ogle,"stare or look at, especially with amorous intentions",4402.98,3.0
iniquity,absence of moral or spiritual values,661.52,1.0
macerate,soften and cause to disintegrate as a result,14397.24,4.0
predisposition,an inclination to interpret statements in a particular way,7401.95,4.0
eclectic,selecting what seems best of various styles or ideas,3621.0,3.0
maelstrom,a powerful circular current of water,7567.78,3.0
recompense,make payment to,1123.65,2.0
rejoinder,a quick reply to a question or remark,2553.22,2.0
swindle,(offensive) deprive of by deceit,1473.44,2.0
controversial,marked by or capable of causing disagreement,823.5,1.0
livid,furiously angry,1695.52,1.0
obstreperous,noisily and stubbornly defiant,9285.61,4.0
flinch,"draw back, as with fear or pain",1128.37,2.0
truculence,stubborn and defiant aggressiveness,23267.36,4.0
dissemble,behave unnaturally or affectedly,2283.6,1.0
stipulate,make an express demand or provision in an agreement,868.79,2.0
finicky,"fussy, especially about details",21220.59,4.0
opalescent,having a play of lustrous rainbow colors,12338.49,4.0
indignant,angered at something unjust or wrong,299.85,1.0
traitor,a person who says one thing and does another,359.61,1.0
expurgate,edit by omitting or modifying parts considered indelicate,13696.61,3.0
peer,look searchingly,174.63,1.0
molt,"cast off hair, skin, horn, or feathers",21929.22,4.0
aptitude,inherent ability,1738.62,2.0
pathology,the branch of medical science that studies diseases,1717.92,2.0
redress,make reparations or amends for,1165.23,1.0
agog,highly excited,9618.01,4.0
euphemism,an inoffensive expression substituted for an offensive one,5937.37,2.0
venerate,regard with feelings of respect and reverence,313.53,1.0
fraud,intentional deception resulting in injury to another person,332.18,1.0
glib,artfully persuasive in speech,2543.88,2.0
exploit,use or manipulate to one's advantage,324.0,1.0
stockade,fortification consisting of a fence set firmly for defense,1780.75,2.0
sycophant,a person who tries to please someone to gain an advantage,5425.19,2.0
ethos,the distinctive spirit of a culture or an era,11773.22,4.0
exigent,demanding immediate attention,1652.43,2.0
quotidian,found in the ordinary course of events,38127.81,4.0
elegy,a mournful poem; a lament for the dead,2023.47,1.0
alacrity,liveliness and eagerness,1532.0,2.0
aggrandize,"embellish; increase the scope, power, or importance of",4161.26,2.0
circumspect,careful to consider potential consequences and avoid risk,4243.39,3.0
atrophy,a decrease in size of an organ caused by disease or disuse,5334.62,3.0
eloquence,powerful and effective language,404.2,1.0
culpable,deserving blame or censure as being wrong or injurious,3017.67,3.0
commensurate,corresponding in size or degree or extent,4000.77,3.0
leviathan,the largest or most massive thing of its kind,4226.71,3.0
quiver,"shake with fast, tremulous movements",269.85,1.0
obliterate,remove completely from recognition or memory,1027.87,2.0
loquacious,full of trivial conversation,5895.92,4.0
stark,severely simple,836.94,1.0
curb,the act of restraining power or action or limiting excess,769.09,1.0
condescend,behave in a patronizing manner,536.56,1.0
panoply,a complete and impressive array,7159.88,3.0
engrossed,giving or marked by complete attention to,1397.59,2.0
crave,have an appetite or great desire for,442.23,1.0
plucky,showing courage,2413.6,1.0
drought,a shortage of rainfall,879.04,2.0
posit,take as a given; assume as a postulate or axiom,12223.66,3.0
prompt,according to schedule or without delay,107.19,1.0
preclude,"make impossible, especially beforehand",1742.98,2.0
infuse,"fill, as with a certain quality",913.62,2.0
obdurate,stubbornly persistent in wrongdoing,2891.51,3.0
harangue,a loud bombastic declamation expressed with strong emotion,1483.79,2.0
malediction,the act of calling down a curse that invokes evil,5407.82,2.0
upbraid,express criticism towards,2043.39,1.0
efficacious,giving the power to produce an intended result,2469.01,3.0
burlesque,a theatrical entertainment of broad and earthy humor,1800.8,2.0
proclivity,a natural inclination,6169.74,2.0
trample,tread or stomp heavily or roughly,531.58,1.0
shirk,avoid one's assigned duties,1998.52,2.0
distaff,a stick on which wool or flax is wound before spinning,6355.47,2.0
squalid,foul and run-down and repulsive,2329.93,3.0
contingent,determined by conditions or circumstances that follow,629.42,1.0
solecism,a socially awkward or tactless act,12764.83,3.0
reticent,reluctant to draw attention to yourself,1374.54,1.0
transitory,lasting a very short time,2528.11,1.0
stasis,inactivity resulting from a balance between opposing forces,48841.13,4.0
extent,the point or degree to which something extends,102.55,1.0
officious,intrusive in a meddling or offensive manner,3001.59,2.0
tacit,implied by or inferred from actions or statements,1418.35,1.0
craven,lacking even the rudiments of courage; abjectly fearful,1366.6,2.0
lizard,relatively long-bodied reptile with legs and a tapering tail,1242.13,2.0
circumlocution,an indirect way of expressing something,8461.49,4.0
catalyst,substance that initiates or accelerates a chemical reaction,6417.56,2.0
feud,a bitter quarrel between two parties,926.77,2.0
pithy,concise and full of meaning,5634.61,2.0
denunciation,a public act of condemnation,1394.95,2.0
emollient,a substance with a soothing effect when applied to the skin,32741.47,4.0
sedulous,marked by care and persistent effort,4112.06,3.0
edify,make understand,1293.43,1.0
laudable,worthy of high praise,2227.28,3.0
arbitrate,act between parties with a view to reconciling differences,1000.35,1.0
collusion,secret agreement,5727.41,4.0
ostracize,expel from a community or group,13728.42,4.0
chicanery,the use of tricks to deceive someone,10155.05,3.0
quack,the sound made by a duck,1664.99,2.0
dissemble,behave unnaturally or affectedly,2283.6,3.0
glower,look angry or sullen as if to signal disapproval,3404.2,2.0
transgress,"act in disregard of laws, rules, contracts, or promises",795.1,1.0
lull,make calm or still,806.84,1.0
quiescent,being quiet or still or inactive,3996.71,2.0
sinister,"wicked, evil, or dishonorable",721.6,1.0
guarded,cautious and reserved,320.62,1.0
corporal,affecting the body as opposed to the mind or spirit,546.0,1.0
erudite,having or showing profound knowledge,5946.33,4.0
obelisk,a stone pillar tapering towards a pyramidal top,3626.56,3.0
libertine,unrestrained by convention or morality,4026.65,2.0
ligneous,consisting of or resembling wood,58512.44,4.0
precipice,a very steep cliff,481.36,1.0
analgesic,capable of relieving pain,66030.67,4.0
divest,take away possessions from someone,1545.81,2.0
leery,openly distrustful and unwilling to confide,19472.68,4.0
annotate,add explanatory notes to or supply with critical comments,2080.4,2.0
naive,marked by or showing unaffected simplicity,1886.66,1.0
exemplary,worthy of imitation,2064.07,2.0
fortuitous,lucky; occurring by happy chance,4825.21,2.0
lucrative,producing a sizeable profit,1338.78,2.0
mistrust,regard with suspicion,1456.04,2.0
note, a brief written record,22.96,1.0
plod,"walk heavily and firmly, as when weary, or through mud",1373.42,2.0
militate,have force or influence; bring about an effect or change,9300.22,3.0
philanthropist,someone who makes charitable donations,1888.77,2.0
belfry,a tower in which bells are hung,3561.03,2.0
quotidian,found in the ordinary course of events,38127.81,4.0
proliferate,grow rapidly,2811.11,2.0
obstetrician,a physician specializing in childbirth,13938.87,4.0
pedantry,an ostentatious and inappropriate display of learning,4545.14,3.0
judicious,marked by the exercise of common sense in practical matters,616.69,1.0
tarnish,"make or become dirty or dull, as by exposure to air",1751.49,2.0
levy,impose and collect,459.4,1.0
guile,shrewdness as demonstrated by being skilled in deception,1399.9,1.0
convoke,call together,2276.13,3.0
intrigue,a crafty and involved plot to achieve your ends,353.08,1.0
peccadillo,a petty misdeed,13221.71,3.0
articulate,express or state clearly,638.26,1.0
zealot,a fervent and even militant proponent of something,7928.1,4.0
inundate,"fill or cover completely, usually with water",1555.56,2.0
martial,suggesting war or military life,879.82,2.0
subdue,put down by force or intimidation,288.36,1.0
vicious,having the nature of evildoing,476.97,1.0
prodigal,recklessly wasteful,1115.08,2.0
proclivity,a natural inclination,6169.74,4.0
coerce,cause to do through pressure or necessity,1217.23,2.0
sacrosanct,treated as if holy and kept free from violation or criticism,17828.01,3.0
rhetoric,study of the technique for using language effectively,520.85,1.0
dislodge,remove or force from a position previously occupied,1965.97,2.0
indolent,disinclined to work or exertion,799.82,1.0
propensity,a natural inclination,1375.98,2.0
magnanimity,nobility and generosity of spirit,1953.96,2.0
sybarite,a person addicted to luxury and pleasures of the senses,6920.97,3.0
affable,diffusing warmth and friendliness,1259.98,2.0
deposition,the act of putting something somewhere,1585.36,2.0
ghastly,shockingly repellent; inspiring horror,590.23,1.0
spell,write or name the letters that comprise the accepted form of,164.05,1.0
dogmatic,pertaining to a code of beliefs accepted as authoritative,2146.07,2.0
steadfast,marked by firm determination or resolution; not shakable,657.34,1.0
phlegmatic,showing little emotion,4823.24,3.0
congruent,corresponding in character or kind,39796.66,4.0
conjure,summon into action or bring into existence,604.12,1.0
abyss,a bottomless gulf or pit,814.5,1.0
foible,a minor weakness or peculiarity in someone's character,3422.92,3.0
detached,no longer connected or joined,618.0,1.0
morose,showing a brooding ill humor,2157.02,2.0
abjure,formally reject or disavow a formerly held belief,3003.11,2.0
optometrist,a person skilled in testing for defects of vision,61240.95,4.0
buttress,a support usually of stone or brick,1929.42,2.0
enchant,cast a spell over someone or something,304.0,1.0
deface,mar or spoil the appearance of,2999.3,2.0
recluse,one who lives in solitude,2847.65,3.0
subpoena,a writ issued to compel the attendance of a witness,3473.18,3.0
heretic,a person whose religious beliefs conflict with church dogma,819.63,1.0
omnipresent,existing everywhere at once,4555.65,3.0
temperate,not extreme,725.18,1.0
austere,of a stern or strict bearing or demeanor,583.49,1.0
venerable,profoundly honored,480.14,1.0
disassemble,take apart,36706.93,4.0
desiccate,lacking vitality or spirit; lifeless,10894.37,4.0
defray,bear the expenses of,2631.02,2.0
impede,be a hindrance or obstacle to,644.79,1.0
console,give moral or emotional strength to,198.11,1.0
anachronism,locating something at a time when it couldn't have existed,3922.47,3.0
mend,restore by putting together what is torn or broken,416.03,1.0
inundate,"fill or cover completely, usually with water",1555.56,1.0
insipid,lacking interest or significance or impact,2558.19,3.0
stigmatize,condemn or openly brand as disgraceful,5378.3,3.0
declivity,a downward slope or bend,3222.4,2.0
peregrinate,"travel around, through, or over, especially on foot",11714.89,3.0
decorous,characterized by propriety and dignity and good taste,1915.06,2.0
onslaught,an offensive against an enemy,1837.44,2.0
profound,situated at or extending to great depth,155.59,1.0
interregnum,the time between two reigns or governments,12024.71,3.0
dictum,an authoritative declaration,2674.45,2.0
inchoate,only partly in existence; imperfectly formed,13889.73,4.0
epicure,a person devoted to refined sensuous enjoyment,3193.68,2.0
dupe,fool or hoax,1382.41,2.0
intrepid,invulnerable to fear or intimidation,1387.92,1.0
scintilla,a tiny or scarcely detectable amount,4406.26,2.0
blithe,carefree and happy and lighthearted,1450.16,2.0
fallacious,containing or based on incorrect reasoning,4607.12,3.0
paragon,a perfect embodiment of a concept,4289.57,3.0
precedence,status established in order of importance or urgency,1769.3,2.0
covert,secret or hidden,963.56,2.0
verbose,using or containing too many words,11476.06,3.0
covet,"wish, long, or crave for",816.01,1.0
emissary,someone sent to represent another's interests,1708.25,2.0
obese,excessively large,1501.1,2.0
forestall,keep from happening or arising; make impossible,2194.23,1.0
spine,the series of vertebrae forming the backbone,627.09,1.0
induce,cause to act in a specified manner,135.46,1.0
mores,the conventions embodying the fundamental values of a group,4319.35,2.0
effrontery,audacious behavior that you have no right to,3735.38,2.0
furtive,secret and sly,1024.67,1.0
lethargic,deficient in alertness or activity,7265.48,4.0
refractory,stubbornly resistant to authority or control,2923.68,3.0
ingenious,showing inventiveness and skill,265.98,1.0
consign,give over to another for care or safekeeping,1010.16,2.0
zephyr,a slight wind,8052.3,3.0
plaintive,expressing sorrow,1021.31,2.0
eulogy,a formal expression of praise for someone who has died,1415.98,1.0
anomalous,deviating from the general or common order or type,3932.91,3.0
espouse,"choose and follow a theory, idea, policy, etc.",1387.1,2.0
hermetic,completely sealed or airtight,6160.1,2.0
agitate,move or cause to move back and forth,179.5,1.0
esoteric,understandable only by an enlightened inner circle,4614.31,3.0
invidious,containing or implying a slight or showing prejudice,4702.4,2.0
wily,marked by skill in deception,1695.77,1.0
misanthrope,someone who dislikes people in general,9673.1,4.0
aberrant,markedly different from an accepted norm,25639.42,4.0
tenable,based on sound reasoning or evidence,2400.86,3.0
connoisseur,an expert able to appreciate a field,1963.69,1.0
rationale,an explanation of the fundamental reasons,3806.32,3.0
gregarious,temperamentally seeking and enjoying the company of others,4693.06,3.0
acquiesce,agree or express agreement,656.06,1.0
obtrusive,sticking out; protruding,1773.54,2.0
practitioner,someone who carries out a learned profession,1497.68,2.0
voracious,devouring or craving food in great quantities,3652.32,3.0
aqueous,similar to or containing or dissolved in water,5247.03,3.0
molt,"cast off hair, skin, horn, or feathers",21929.22,4.0
banal,repeated too often; overfamiliar through overuse,4510.47,3.0
implacable,incapable of being appeased or pacified,1576.7,2.0
elicit,"call forth, as an emotion, feeling, or response",1399.24,2.0
bizarre,conspicuously or grossly unconventional or unusual,1553.31,2.0
pluck,pull lightly but sharply,305.77,1.0
wizened,lean and wrinkled by shrinkage as from age or illness,7715.95,3.0
diaphanous,so thin as to transmit light,10620.33,3.0
avid,marked by active interest and enthusiasm,1989.44,2.0
abate,become less in amount or intensity,655.45,1.0
imposture,pretending to be another person,3077.34,3.0
enlist,join the military,431.94,1.0
forgery,criminal falsification by making or altering an instrument,1569.17,2.0
pundit,an expert who publicly gives opinions via mass media,2961.01,3.0
preamble,"a preliminary introduction, as to a statute or constitution",2990.2,3.0
ostensible,appearing as such but not necessarily so,1349.62,1.0
charter,a document creating an institution and specifying its rights,348.36,1.0
inexorable,"impossible to prevent, resist, or stop",1240.18,1.0
jettison,"throw away, of something encumbering",10765.4,3.0
burgeon,grow and flourish,5041.22,3.0
somber,serious and gloomy in character,1960.76,2.0
axiom,a proposition that is not susceptible of proof or disproof,1886.36,1.0
plebeian,of or associated with the great masses of people,1907.34,1.0
caustic,capable of destroying or eating away by chemical action,1903.35,1.0
expend,use up or consume fully,113.07,1.0
impunity,exemption from punishment or loss,1502.06,2.0
nuance,a subtle difference in meaning or opinion or attitude,5289.28,2.0
immutable,not subject or susceptible to change or variation,2447.56,3.0
jest,activity characterized by good humor,200.26,1.0
wary,marked by keen caution and watchful prudence,603.41,1.0
supplant,take the place or move into the position of,1568.96,2.0
cajole,"influence or urge by gentle urging, caressing, or flattering",2719.33,3.0
tyro,someone new to a field or activity,8461.49,4.0
devoid,completely wanting or lacking,972.5,2.0
sardonic,disdainfully or ironically humorous,2184.5,1.0
elusive,skillful at evading capture,1593.04,2.0
opulence,wealth as evidenced by sumptuous living,3878.73,3.0
malevolent,wishing or appearing to wish evil to others,2360.14,3.0
ebullient,joyously unrestrained,7870.05,3.0
welter,a confused multitude of things,3648.94,3.0
abstruse,difficult to understand,3861.0,3.0
augury,an event indicating important things to come,4479.71,2.0
philistine,a person who is uninterested in intellectual pursuits,19126.1,4.0
fervent,characterized by intense emotion,570.58,1.0
demur,politely refuse or take exception to,1921.9,1.0
dubious,fraught with uncertainty or doubt,922.8,2.0
parry,impede the movement of,1495.79,1.0
stint,supply sparingly and with restricted quantities,1251.19,2.0
tyro,someone new to a field or activity,8461.49,3.0
confine,place limits on,129.54,1.0
disparate,fundamentally different or distinct in quality or kind,2144.9,2.0
vogue,a current state of general acceptance and use,1212.62,2.0
petulance,an irritable feeling,5457.75,4.0
disparity,inequality or difference in some respect,3012.29,3.0
catholic,comprehensive or broad-minded in tastes and interests,4407.9,2.0
vex,"disturb, especially by minor irritations",282.28,1.0
ornithologist,a zoologist who studies feathered animals,11398.6,4.0
hamper,prevent the progress or free movement of,768.74,1.0
concur,happen simultaneously,633.05,1.0
epistemology,the philosophical theory of knowledge,30229.42,4.0
latitude,an imaginary line around the Earth parallel to the equator,382.4,1.0
diatribe,thunderous verbal attack,8578.15,4.0
prodigality,the trait of spending extravagantly,5146.54,3.0
forestall,keep from happening or arising; make impossible,2194.23,2.0
vilify,spread negative information about,5277.48,3.0
vigor,forceful exertion,148.43,1.0
pedant,a person who is preoccupied with rules and learning,1363.14,2.0
odorous,having a characteristic aroma,4562.68,3.0
imprecation,the act of calling down a curse that invokes evil,2869.07,2.0
sinecure,a job that involves minimal duties,6495.13,2.0
oligarchy,a political system governed by a few people,3045.64,3.0
perfidious,tending to betray,3367.37,2.0
stifled,held in check with difficulty,1276.56,2.0
goad,stab or urge on as if with a pointed stick,1610.82,2.0
levity,a manner lacking seriousness,1864.07,1.0
feign,make believe with the intent to deceive,739.2,1.0
odium,hate coupled with disgust,688.53,1.0
phlegmatic,showing little emotion,4823.24,2.0
prattle,speak about unimportant matters rapidly and incessantly,2371.5,1.0
brood,"hang over, as of something threatening, dark, or menacing",359.24,1.0
impetuous,characterized by undue haste and lack of thought,633.22,1.0
conspicuous,obvious to the eye or mind,288.02,1.0
surfeit,indulge (one's appetite) to satiety,4243.39,2.0
veritable,not counterfeit or copied,1037.87,2.0
adulation,exaggerated flattery or praise,4008.9,3.0
forge,create by hammering,334.37,1.0
engender,call forth,1631.25,2.0
precipitate,bring about abruptly,506.9,1.0
adverse,in an opposing direction,552.27,1.0
apprehension,fearful expectation or anticipation,307.45,1.0
tawdry,tastelessly showy,4048.71,2.0
precis,a sketchy summary of the main points of an argument,76749.77,4.0
optimum,most desirable possible under a restriction,6281.19,4.0
conducive,tending to bring about; being partly responsible for,2792.52,3.0
obnoxious,causing disapproval or protest,1730.23,2.0
tirade,a speech of violent denunciation,4082.25,3.0
foster,providing nurture though not related by blood or legal ties,651.31,1.0
deft,skillful in physical movements; especially of the hands,1008.53,2.0
mendicant,a pauper who lives by begging,3028.49,2.0
gauche,lacking social poise or refinement,13206.93,4.0
consternation,sudden shock or dismay that causes confusion,824.53,1.0
nocturnal,belonging to or active during the night,1920.03,2.0
myopic,unable to see distant objects clearly,12848.08,3.0
gloat,dwell on with satisfaction,2484.05,3.0
plea,a humble request for help from someone in authority,441.89,1.0
heretical,departing from accepted beliefs or standards,3343.57,3.0
nascent,being born or beginning,5078.02,2.0
fulminate,cause to explode violently and with loud noise,6840.88,4.0
orthography,representing the sounds of a language by written symbols,4905.28,3.0
apprise,inform somebody of something,2120.3,2.0
overt,open and observable; not secret or hidden,3305.25,3.0
limerick,a humorous rhymed verse form of five lines,93805.05,4.0
idiosyncrasy,a behavioral attribute peculiar to an individual,3312.66,2.0
obfuscate,make obscure or unclear,21297.06,4.0
profligate,unrestrained by convention or morality,1599.72,1.0
assess,"estimate the nature, quality, ability or significance of",460.86,1.0
hackneyed,repeated too often; overfamiliar through overuse,6328.25,4.0
offal,viscera and trimmings of a butchered animal,8383.49,4.0
propriety,correct behavior,440.15,1.0
obsession,an unhealthy and compulsive preoccupation with something,1885.16,2.0
opprobrium,a state of extreme dishonor,4709.89,3.0
winsome,charming in a childlike or naive way,3181.65,2.0
frown,a facial expression of dislike or displeasure,250.86,1.0
perfunctory,hasty and without attention to detail; not thorough,2985.67,3.0
ingrained,deeply rooted; firmly fixed or held,6034.34,4.0
antediluvian,of or relating to the period before the biblical flood,8431.32,4.0
concession,the act of yielding,443.22,1.0
contentious,showing an inclination to disagree,3468.09,3.0
verdant,characterized by abundance of vegetation and green foliage,2144.12,1.0
insular,relating to or characteristic of or situated on an island,3609.95,3.0
stray,wander from a direct course or at random,404.69,1.0
idiosyncrasy,a behavioral attribute peculiar to an individual,3312.66,3.0
intrepid,invulnerable to fear or intimidation,1387.92,2.0
mitigate,lessen or to try to lessen the seriousness or extent of,975.63,2.0
orifice,"an opening, especially one that opens into a bodily cavity",3466.06,3.0
iconoclast,someone who attacks cherished ideas or institutions,7766.64,4.0
repose,freedom from activity,265.21,1.0
exculpate,pronounce not guilty of criminal charges,7912.19,4.0
sedition,an illegal action inciting resistance to lawful authority,1472.89,1.0
conspire,act in agreement and in secret towards a deceitful purpose,223.5,1.0
bolster,support and strengthen,1343.19,2.0
analgesia,absence of the sense of pain without loss of consciousness,139051.71,4.0
interregnum,the time between two reigns or governments,12024.71,4.0
ornithology,the branch of zoology that studies birds,5547.37,4.0
oblivion,the state of being disregarded or forgotten,666.43,1.0
benevolent,showing or motivated by sympathy and understanding,395.65,1.0
weary,physically and mentally fatigued,84.74,1.0
trepidation,a feeling of alarm or dread,3083.76,3.0
loll,be lazy or idle,2607.82,3.0
sway,move back and forth,241.97,1.0
cant,a slope in the turn of a road or track,952.64,2.0
collusion,secret agreement,5727.41,2.0
antipathy,a feeling of intense dislike,1698.93,2.0
grovel,show submission or fear,2912.88,2.0
baneful,evil or sinister,5976.38,4.0
heterodox,characterized by departure from accepted standards,8762.54,4.0
surly,unfriendly and inclined toward anger or irritation,1518.83,1.0
spendthrift,someone who spends money freely or wastefully,3892.77,3.0
enigma,something that baffles understanding and cannot be explained,1126.43,2.0
pillage,steal goods; take as spoils,1283.34,2.0
garner,assemble or get together,1731.75,1.0
gird,bind with something round or circular,1153.77,2.0
gorge,"a deep ravine, usually with a river running through it",548.11,1.0
defiance,a hostile challenge,458.9,1.0
encomium,a formal expression of praise,4788.08,2.0
adulterate,make impure by adding a foreign or inferior substance,2689.04,3.0
torpid,in a condition of biological rest or suspended animation,4014.35,3.0
wheedle,"influence or urge by gentle urging, caressing, or flattering",3530.21,3.0
disguise,any attire that conceals the wearer's identity,237.02,1.0
vicissitude,a variation in circumstances or fortune,1701.38,1.0
approbation,official acceptance or agreement,715.29,1.0
bogus,fraudulent; having a misleading appearance,4444.35,3.0
astringent,tending to draw together or constrict soft organic tissue,6754.89,4.0
preen,clean with one's bill,8461.49,4.0
omnipotent,having unlimited power,1353.17,2.0
ossify,become bony,11464.93,3.0
censure,harsh criticism or disapproval,525.25,1.0
zenith,the highest point of something,1862.31,2.0
turpitude,a corrupt or depraved or degenerate act or practice,12862.06,4.0
fawn,a young deer,1071.59,1.0
gist,the central meaning or theme of a speech or literary work,3440.85,3.0
malign,speak unfavorably about,1509.72,2.0
narcotic,a drug that produces numbness or stupor,2114.23,2.0
desiccate,lacking vitality or spirit; lifeless,10894.37,3.0
captor,a person who entraps and holds someone else,1206.81,2.0
startle,surprise greatly,138.49,1.0
quibble,evade the truth of a point by raising irrelevant objections,3779.55,3.0
stake,a strong wooden or metal post driven into the ground,177.94,1.0
ambivalent,uncertain or unable to decide about what course to follow,7954.78,4.0
bilk,"cheat somebody out of what is due, especially money",17828.01,4.0
salvage,rescuing a ship or its crew from a shipwreck or a fire,2070.93,2.0
zephyr,a slight wind,8052.3,4.0
intractable,difficult to manage or mold,4950.46,2.0
precipitous,extremely steep,1544.6,2.0
aesthete,one who professes great sensitivity to the beauty of art,38375.39,4.0
nadir,the lowest point of anything,7700.88,4.0
intransigent,"impervious to pleas, persuasion, requests, or reason",10924.58,4.0
flimsy,a thin strong lightweight translucent paper,2320.33,3.0
inept,generally incompetent and ineffectual,5164.53,3.0
bevy,a flock of birds,4907.31,2.0
neologism,a newly invented word or phrase,49248.13,4.0
obscure,not clearly understood or expressed,180.91,1.0
ominous,threatening or foreshadowing evil or tragic developments,624.02,1.0
overhaul,"make repairs, renovations, revisions or adjustments to",858.65,1.0
chary,characterized by great caution,7296.87,4.0
trenchant,having keenness and forcefulness and penetration in thought,5400.41,2.0
polemic,"a verbal or written attack, especially of a belief or dogma",3391.51,2.0
demagogue,a leader who seeks support by appealing to popular passions,2872.55,2.0
dilettante,an amateur engaging in an activity without serious intention,6015.92,4.0
estimable,deserving of respect or high regard,1312.07,1.0
aberrant,markedly different from an accepted norm,25639.42,4.0
presumptuous,"going beyond what is appropriate, permitted, or courteous",1923.46,2.0
caprice,a sudden desire,552.3,1.0
impervious,not admitting of passage or capable of being affected,3358.76,3.0
languid,lacking spirit or liveliness,767.99,1.0
inextricable,incapable of being disentangled or untied,3486.49,3.0
euphoria,a feeling of great elation,9983.53,4.0
obituary,a notice of someone's death,3202.33,3.0
recant,formally reject or disavow a formerly held belief,3779.55,3.0
impromptu,with little or no preparation or forethought,2582.76,3.0
vim,a healthy capacity for vigorous activity,10377.92,3.0
neglect,leave undone or leave out,133.75,1.0
mirth,great merriment,467.15,1.0
malingerer,someone shirking duty by feigning illness or incapacity,68717.92,4.0
ford,cross a river where it's shallow,1250.66,1.0
canard,a deliberately misleading fabrication,19999.83,4.0
admonish,scold or reprimand; take to task,652.7,1.0
pedant,a person who is preoccupied with rules and learning,1363.14,1.0
bilk,"cheat somebody out of what is due, especially money",17828.01,3.0
evict,expel or eject without recourse to legal process,3005.4,3.0
impetuous,characterized by undue haste and lack of thought,633.22,1.0
ensign,a person who holds a commissioned rank in the U.S. Navy,1119.51,2.0
exuberant,joyously unrestrained,1959.14,2.0
knell,the sound of a bell rung slowly to announce a death,3791.67,2.0
boor,a crude uncouth ill-bred person lacking refinement,2850.4,2.0
digress,wander from a direct or straight course,2146.45,2.0
veracity,unwillingness to tell lies,1890.88,2.0
uphold,"stand up for; stick up for; of causes, principles, or ideals",563.21,1.0
notion,a general inclusive concept,132.58,1.0
florid,elaborately or excessively ornamented,2384.89,3.0
fluffy,like down or as soft as down,3474.2,3.0
dilettante,an amateur engaging in an activity without serious intention,6015.92,2.0
august,profoundly honored,1688.51,1.0
aerie,"the lofty nest of a bird of prey, such as a hawk or eagle",56824.61,4.0
rustic,characteristic of rural life,716.19,1.0
unconscionable,greatly exceeding bounds of reason or moderation,8559.52,3.0
vigilance,the process of paying close and continuous attention,1037.51,2.0
inopportune,not suitable for a purpose,6534.62,4.0
deter,turn away from as by fear or persuasion,783.84,1.0
stiff,incapable of or resistant to bending,158.1,1.0
banter,light teasing repartee,1652.9,2.0
lapidary,relating to precious stones or the art of working with them,14719.94,3.0
allegation,a formal accusation against somebody,808.27,1.0
pine,a coniferous tree,180.03,1.0
exacerbate,make worse,4905.28,3.0
propitiate,make peace with,2029.37,1.0
leaven,a substance used to produce fermentation in dough,1841.73,2.0
dyspeptic,suffering from indigestion,3473.18,2.0
pastiche,a work of art that imitates the style of some previous work,21848.15,4.0
guileless,innocent and free of deceit,3801.42,3.0
pusillanimous,"lacking in courage, strength, and resolution",6028.19,2.0
perfidious,tending to betray,3367.37,3.0
pulchritude,"physical beauty, especially of a woman",68717.92,4.0
perfunctory,hasty and without attention to detail; not thorough,2985.67,2.0
malinger,"avoid responsibilities and duties, often by faking illness",21888.61,4.0
castigate,inflict severe punishment on,6797.61,4.0
aspiration,a cherished desire,577.86,1.0
chaos,formless state of matter before the creation of the cosmos,698.18,1.0
ebullient,joyously unrestrained,7870.05,4.0
slake,"satisfy, as thirst",4944.25,2.0
suborn,incite to commit a crime or an evil deed,12211.03,4.0
calisthenics,light exercises designed to promote general fitness,23592.44,4.0
subside,wear off or die down,551.97,1.0
dilatory,wasting time,5934.39,2.0
opaque,not transmitting or reflecting light or radiant energy,2092.91,2.0
machination,a crafty and involved plot to achieve your ends,3026.94,2.0
conjecture,believe especially on uncertain or tentative grounds,399.33,1.0
specious,plausible but false,2838.09,3.0
opprobrium,a state of extreme dishonor,4709.89,2.0
harbor,a sheltered port where ships can take on or discharge cargo,242.93,1.0
gravel,rock fragments and pebbles,549.03,1.0
epistle,"a specially long, formal letter",1524.7,2.0
approbation,official acceptance or agreement,715.29,1.0
euphony,any pleasing and harmonious sounds,9366.54,3.0
obvious,easily perceived by the senses or grasped by the mind,107.14,1.0
engender,call forth,1631.25,1.0
sully,make dirty or spotty,2357.32,1.0
grill,a framework of metal bars used as a partition or a grate,1758.78,2.0
recourse,act of turning to for assistance,889.6,2.0
obsidian,glass formed by the cooling of lava without crystallization,15370.71,4.0
inimical,tending to obstruct or cause harm,4274.07,2.0
oculist,a person skilled in testing for defects of vision,12442.38,4.0
toady,a person who tries to please someone to gain an advantage,9227.63,3.0
panegyric,formally expressing praise,3168.87,3.0
ingenuous,lacking in sophistication or worldliness,1314.69,2.0
torpor,a state of motor and mental inactivity,3656.83,2.0
tangible,"perceptible by the senses, especially the sense of touch",945.03,2.0
premise,a statement that is held to be true,548.95,1.0
invigorate,give life or energy to,1878.27,2.0
platitude,a trite or obvious remark,3370.24,3.0
syncopation,a musical rhythm accenting a normally weak beat,37285.89,4.0
diatribe,thunderous verbal attack,8578.15,3.0
piquant,having an agreeably pungent taste,2432.96,3.0
onomatopoeia,using words that imitate the sound they denote,72512.11,4.0
demur,politely refuse or take exception to,1921.9,2.0
coalesce,fuse or cause to come together,5284.55,2.0
withhold,hold back; refuse to hand over or share,541.26,1.0
nausea,the state that precedes vomiting,1516.3,2.0
inter,place in a grave or tomb,665.87,1.0
moribund,being on the point of death,7944.09,3.0
dirge,a song or hymn of mourning as a memorial to a dead person,3476.25,3.0
tamp,press down tightly,1825.25,2.0
censor,a person authorized to suppress unacceptable material,647.54,1.0
ornate,marked by complexity and richness of detail,3016.9,3.0
discreet,marked by prudence or modesty and wise self-restraint,530.94,1.0
overwrought,deeply agitated especially from emotion,4981.75,3.0
repast,the food served and eaten at one time,1251.19,1.0
pan,shallow container made of metal,669.97,1.0
tangential,of superficial relevance if any,12946.58,4.0
tapestry,a wall hanging of heavy fabric with pictorial designs,1023.79,2.0
ambiguous,having more than one possible meaning,1082.56,2.0
vituperate,spread negative information about,5506.04,2.0
ostentatious,intended to attract notice and impress others,1511.46,2.0
fathom,a linear unit of measurement for water depth,450.92,1.0
shun,avoid and stay away from deliberately,687.41,1.0
gavel,a small mallet used by a presiding officer or a judge,8497.99,4.0
apparition,a ghostly appearing figure,864.1,1.0
impecunious,not having enough money to pay for necessities,10120.27,3.0
sobriquet,a familiar name for a person,8491.88,3.0
docile,easily handled or managed,1452.29,2.0
ostracism,the act of excluding someone from society by general consent,10059.99,4.0
truce,a state of peace agreed to between opponents,748.58,1.0
sporadic,recurring in scattered or unpredictable instances,3373.13,3.0
board,a stout length of sawn timber,37.28,1.0
dissent,a difference of opinion,428.68,1.0
quaff,swallow hurriedly or greedily or in one draught,4019.81,3.0
disabuse,free somebody from an erroneous belief,10658.63,3.0
deride,treat or speak of with contempt,650.56,1.0
coterie,an exclusive circle of people with a common purpose,4434.35,2.0
hyperbole,extravagant exaggeration,5166.78,2.0
extol,"praise, glorify, or honor",1676.31,2.0
irascible,quickly aroused to anger,4097.81,2.0
enervate,"weaken physically, mentally, or morally",3523.89,3.0
crescendo,a gradual increase in loudness,5922.5,2.0
ponderous,having great mass and weight and unwieldiness,1169.49,2.0
flamboyant,tending to attract attention; marked by ostentatious display,3398.33,3.0
inflammable,easily ignited,4161.26,3.0
prodigal,recklessly wasteful,1115.08,1.0
garrulous,full of trivial conversation,3222.4,3.0
obligatory,required by compulsion or convention,3295.12,3.0
contumacious,willfully obstinate; stubbornly disobedient,16462.44,3.0
fetid,offensively malodorous,6251.3,2.0
recalcitrant,stubbornly resistant to authority or control,6495.13,4.0
holster,a sheath for carrying a handgun,3392.48,3.0
politic,"marked by artful prudence, expedience, and shrewdness",1585.57,1.0
lustrous,reflecting light,2461.31,3.0
tepid,moderately warm,3765.11,3.0
entrenched,dug in,2724.34,3.0
condone,"excuse, overlook, or make allowances for",3330.38,2.0
divulge,make known to the public information previously kept secret,2227.28,3.0
invective,abusive language used to express blame or censure,2300.48,1.0
conciliatory,making or willing to make concessions,2336.83,3.0
abeyance,temporary cessation or suspension,4862.91,3.0
multifarious,having many aspects,6417.56,2.0
imbibe,take in liquids,1915.37,2.0
dazzle,"cause to lose clear vision, especially from intense light",363.08,1.0
parley,a negotiation between enemies,1692.61,1.0
distend,cause to expand as if by internal pressure,2543.33,3.0
encomium,a formal expression of praise,4788.08,3.0
quintessential,representing the perfect example of a class or quality,10765.4,4.0
outmoded,no longer in fashion,13971.82,4.0
inquest,an investigation into the cause of an unexpected death,1905.5,1.0
meddle,intrude in other people's affairs or business,710.49,1.0
cessation,a stopping,1491.27,2.0
prevaricate,be deliberately ambiguous or unclear,6459.64,4.0
misnomer,an incorrect or unsuitable name,11119.82,4.0
pedestrian,a person who travels by foot,1502.06,2.0
debacle,a sudden and complete disaster,5420.22,3.0
neophyte,a participant with no experience with an activity,5964.33,2.0
requite,make repayment for or return something,1807.13,1.0
meticulous,marked by precise accordance with details,3383.74,3.0
viable,capable of life or normal growth and development,3048.79,3.0
mar,cause to become imperfect,767.09,1.0
fledgling,young bird that has just become capable of flying,4439.34,3.0
eschew,avoid and stay away from deliberately,3772.32,3.0
breach,"an opening, especially a gap in a dike or fortification",376.11,1.0
sketchy,giving only major points; lacking completeness,6929.08,4.0
auspicious,indicating favorable circumstances and good luck,1544.19,2.0
inadvertent,happening by chance or unexpectedly or unintentionally,2010.75,2.0
insipid,lacking interest or significance or impact,2558.19,2.0
exponent,notation of how many times to multiply a quantity by itself,2242.9,1.0
orotund,overly formal and pompous in style,72959.71,4.0
euphemism,an inoffensive expression substituted for an offensive one,5937.37,4.0
susceptible,yielding readily to or capable of,684.75,1.0
confidential,given in secret,487.69,1.0
gradation,relative position in a ranked series,2157.02,1.0
steep,having a sharp inclination,197.17,1.0
ignoble,dishonorable in character or purpose,1654.51,1.0
abyss,a bottomless gulf or pit,814.5,1.0
tacit,implied by or inferred from actions or statements,1418.35,2.0
sordid,foul and run-down and repulsive,1060.55,2.0
conflagration,a very intense and uncontrolled fire,1570.84,2.0
sate,fill to contentment,1490.7,2.0
incipient,only partly in existence; imperfectly formed,2890.1,3.0
abeyance,temporary cessation or suspension,4862.91,2.0
limpid,clear and bright,2896.47,2.0
penury,a state of extreme poverty or destitution,3397.35,3.0
vernal,suggestive of youth; vigorous and fresh,4534.68,2.0
levee,an embankment built to prevent a river from overflowing,2179.27,2.0
perplex,be a mystery or bewildering to,275.45,1.0
manifest,clearly revealed to the mind or the senses or judgment,126.01,1.0
palatial,relating to or being a large and stately residence,5339.44,2.0
taciturn,habitually reserved and uncommunicative,2407.21,1.0
grudging,petty or reluctant in giving or spending,1935.1,2.0
mediocre,moderate to inferior in quality,1424.33,2.0
presumption,a premise that is taken for granted,650.66,1.0
innocuous,not injurious to physical or mental health,5337.03,3.0
insinuate,suggest in an indirect or covert way; give to understand,733.16,1.0
catalyst,substance that initiates or accelerates a chemical reaction,6417.56,4.0
phalanx,any closely ranked crowd of people,2769.64,2.0
posit,take as a given; assume as a postulate or axiom,12223.66,4.0
embellish,"make more attractive, as by adding ornament or color",1259.18,2.0
exonerate,pronounce not guilty of criminal charges,4359.15,3.0
tout,advertise in strongly positive terms,1089.53,2.0
exigent,demanding immediate attention,1652.43,1.0
vagrant,a wanderer with no established residence or means of support,1773.01,2.0
prescience,the power to foresee the future,7548.45,4.0
wardrobe,a piece of furniture that provides storage space for clothes,976.92,2.0
droll,comical in an odd or whimsical manner,1373.1,1.0
vulnerable,capable of being wounded or hurt,685.27,1.0
indict,accuse formally of a crime,581.6,1.0
rescind,cancel officially,4513.91,3.0
averse,strongly opposed,1513.19,2.0
irate,feeling or showing extreme anger,4040.41,3.0
puerile,displaying or suggesting a lack of maturity,3901.76,2.0
clot,a lump of material formed from the content of a liquid,2546.62,3.0
licentious,lacking moral discipline,1693.34,1.0
inculcate,teach and impress by frequent repetitions or admonitions,1718.17,1.0
ingratiate,gain favor with somebody by deliberate efforts,3213.64,2.0
intricate,having many complexly arranged elements; elaborate,709.38,1.0
contend,compete for something,175.36,1.0
mace,a ceremonial staff carried as a symbol of office,5755.29,4.0
annul,cancel officially,2092.54,2.0
lachrymose,showing sorrow,23221.65,4.0
defer,yield to another's wish or opinion,356.24,1.0
mendacious,given to lying,15552.72,4.0
glib,artfully persuasive in speech,2543.88,3.0
blandishment,flattery intended to persuade,5811.87,4.0
din,"a loud, harsh, or strident noise",842.53,1.0
desperate,a person who is frightened and in need of help,113.72,1.0
precarious,not secure; beset with difficulties,1156.7,2.0
quarantine,isolation to prevent the spread of infectious disease,2944.79,3.0
exemplify,be characteristic of,1467.96,2.0
lumber,the wood of trees prepared for use as building material,602.31,1.0
conifer,a type of tree or shrub bearing cones,9030.27,4.0
embrace,"squeeze tightly in your arms, usually with fondness",142.01,1.0
disburse,"expend, as from a fund",3393.45,3.0
gregarious,temperamentally seeking and enjoying the company of others,4693.06,2.0
overweening,presumptuously arrogant,8449.4,4.0
convoluted,highly complex or intricate,14206.9,3.0
mosaic,design made of small pieces of colored stone or glass,2523.26,3.0
dither,be undecided or uncertain,16371.24,3.0
crockery,ceramic dishes used for serving food,3801.42,3.0
deference,courteous regard for people's feelings,698.55,1.0
prodigious,"great in size, force, extent, or degree",652.09,1.0
sanguine,confidently optimistic and cheerful,1157.83,1.0
ramification,"a consequence, especially one that causes complications",4023.91,3.0
coy,affectedly shy especially in a playful or provocative way,2112.72,2.0
missive,a written message addressed to a person or organization,2866.98,2.0
skiff,a small boat propelled by oars or by sails or by a motor,1888.16,2.0
chicanery,the use of tricks to deceive someone,10155.05,4.0
fortuitous,lucky; occurring by happy chance,4825.21,3.0
wile,the use of tricks to deceive someone,883.5,2.0
precious,of high worth or cost,142.16,1.0
concoct,make something by mixing,1793.16,2.0
larceny,the act of taking something from someone unlawfully,5460.27,2.0
supplicate,"ask for humbly or earnestly, as in prayer",1016.4,2.0
wanton,a lewd or immoral person,684.24,1.0
plethora,extreme excess,6990.54,3.0
indigenous,originating where it is found,1455.68,2.0
plethora,extreme excess,6990.54,4.0
vehemence,intensity or forcefulness of expression,1301.83,2.0
lasso,a long noosed rope used to catch animals,5467.84,4.0
ascribe,attribute or credit to,474.76,1.0
orison,reverent petition to a deity,11182.94,4.0
itinerant,traveling from place to place to work,3680.74,2.0
avert,turn away or aside,338.63,1.0
audacious,disposed to venture or take risks,1243.31,2.0
turgid,ostentatiously lofty in style,9866.87,3.0
astute,marked by practical hardheaded intelligence,1835.73,2.0
grumble,make complaining remarks or noises under one's breath,450.73,1.0
salient,"conspicuous, prominent, or important",2023.82,1.0
cabal,a clique that seeks power usually through intrigue,3013.82,2.0
gratis,costing nothing,3906.92,2.0
pejorative,expressing disapproval,38500.38,4.0
demote,assign to a lower position; reduce in rank,10442.09,4.0
recant,formally reject or disavow a formerly held belief,3779.55,2.0
